review_code,tag_code
REV0000,TAG0065
REV0000,TAG0012
REV0000,TAG0105
REV0000,TAG0003
REV0000,TAG0036
REV0001,TAG0024
REV0001,TAG0092
REV0002,TAG0065
REV0002,TAG0021
REV0002,TAG0054
REV0002,TAG0117
REV0002,TAG0092
REV0003,TAG0065
REV0003,TAG0036
REV0004,TAG0024
REV0004,TAG0105
REV0005,TAG0024
REV0005,TAG0036
REV0005,TAG0108
REV0006,TAG0024
REV0006,TAG0065
REV0006,TAG0008
REV0006,TAG0098
REV0006,TAG0021
REV0006,TAG0036
REV0006,TAG0044
REV0007,TAG0065
REV0007,TAG0054
REV0008,TAG0107
REV0008,TAG0133
REV0009,TAG0109
REV0009,TAG0107
REV0009,TAG0133
REV0009,TAG0122
REV0009,TAG0108
REV0010,TAG0083
REV0010,TAG0109
REV0010,TAG0021
REV0010,TAG0133
REV0010,TAG0122
REV0010,TAG0079
REV0011,TAG0021
REV0011,TAG0013
REV0011,TAG0105
REV0011,TAG0133
REV0011,TAG0122
REV0012,TAG0109
REV0012,TAG0083
REV0012,TAG0021
REV0012,TAG0093
REV0012,TAG0038
REV0012,TAG0042
REV0012,TAG0122
REV0012,TAG0108
REV0012,TAG0037
REV0013,TAG0026
REV0013,TAG0109
REV0013,TAG0083
REV0013,TAG0021
REV0013,TAG0093
REV0013,TAG0107
REV0013,TAG0063
REV0013,TAG0046
REV0013,TAG0133
REV0013,TAG0122
REV0013,TAG0108
REV0014,TAG0083
REV0014,TAG0021
REV0014,TAG0046
REV0014,TAG0122
REV0014,TAG0108
REV0014,TAG0079
REV0015,TAG0083
REV0015,TAG0013
REV0015,TAG0046
REV0015,TAG0122
REV0016,TAG0109
REV0016,TAG0046
REV0016,TAG0122
REV0017,TAG0109
REV0017,TAG0083
REV0017,TAG0021
REV0017,TAG0046
REV0017,TAG0133
REV0017,TAG0108
REV0018,TAG0107
REV0018,TAG0133
REV0018,TAG0108
REV0019,TAG0026
REV0019,TAG0083
REV0019,TAG0021
REV0019,TAG0107
REV0019,TAG0105
REV0019,TAG0125
REV0019,TAG0122
REV0019,TAG0108
REV0020,TAG0109
REV0020,TAG0122
REV0021,TAG0109
REV0021,TAG0021
REV0021,TAG0107
REV0021,TAG0122
REV0021,TAG0108
REV0022,TAG0021
REV0022,TAG0122
REV0023,TAG0109
REV0023,TAG0083
REV0023,TAG0021
REV0023,TAG0107
REV0023,TAG0063
REV0023,TAG0105
REV0023,TAG0046
REV0023,TAG0133
REV0023,TAG0122
REV0023,TAG0108
REV0024,TAG0024
REV0024,TAG0021
REV0024,TAG0107
REV0024,TAG0013
REV0024,TAG0046
REV0024,TAG0133
REV0024,TAG0122
REV0024,TAG0108
REV0025,TAG0109
REV0025,TAG0105
REV0026,TAG0109
REV0026,TAG0122
REV0026,TAG0108
REV0027,TAG0109
REV0027,TAG0021
REV0027,TAG0122
REV0027,TAG0108
REV0028,TAG0083
REV0028,TAG0021
REV0028,TAG0046
REV0028,TAG0108
REV0029,TAG0109
REV0029,TAG0122
REV0030,TAG0021
REV0030,TAG0093
REV0030,TAG0107
REV0030,TAG0054
REV0031,TAG0013
REV0031,TAG0021
REV0031,TAG0042
REV0031,TAG0133
REV0031,TAG0019
REV0031,TAG0046
REV0031,TAG0043
REV0033,TAG0100
REV0033,TAG0117
REV0033,TAG0079
REV0034,TAG0015
REV0034,TAG0065
REV0034,TAG0100
REV0034,TAG0108
REV0034,TAG0092
REV0034,TAG0044
REV0035,TAG0100
REV0035,TAG0125
REV0035,TAG0092
REV0036,TAG0109
REV0036,TAG0083
REV0036,TAG0021
REV0036,TAG0092
REV0037,TAG0109
REV0037,TAG0133
REV0038,TAG0109
REV0038,TAG0083
REV0038,TAG0107
REV0038,TAG0133
REV0038,TAG0108
REV0039,TAG0021
REV0039,TAG0107
REV0039,TAG0105
REV0039,TAG0122
REV0039,TAG0092
REV0040,TAG0083
REV0040,TAG0021
REV0040,TAG0063
REV0040,TAG0054
REV0040,TAG0105
REV0040,TAG0036
REV0040,TAG0125
REV0041,TAG0024
REV0041,TAG0105
REV0042,TAG0083
REV0042,TAG0107
REV0042,TAG0063
REV0042,TAG0036
REV0042,TAG0092
REV0043,TAG0109
REV0043,TAG0054
REV0044,TAG0109
REV0044,TAG0021
REV0044,TAG0133
REV0045,TAG0021
REV0045,TAG0108
REV0046,TAG0109
REV0047,TAG0065
REV0047,TAG0105
REV0048,TAG0024
REV0048,TAG0065
REV0048,TAG0098
REV0048,TAG0063
REV0049,TAG0026
REV0049,TAG0024
REV0049,TAG0065
REV0049,TAG0098
REV0049,TAG0125
REV0049,TAG0054
REV0049,TAG0063
REV0049,TAG0105
REV0049,TAG0117
REV0049,TAG0060
REV0050,TAG0065
REV0050,TAG0117
REV0051,TAG0065
REV0051,TAG0063
REV0051,TAG0105
REV0052,TAG0024
REV0052,TAG0100
REV0052,TAG0125
REV0054,TAG0024
REV0054,TAG0054
REV0055,TAG0065
REV0055,TAG0125
REV0056,TAG0024
REV0056,TAG0065
REV0056,TAG0054
REV0057,TAG0065
REV0057,TAG0063
REV0057,TAG0054
REV0057,TAG0117
REV0057,TAG0092
REV0058,TAG0015
REV0058,TAG0036
REV0059,TAG0107
REV0059,TAG0105
REV0060,TAG0107
REV0060,TAG0054
REV0061,TAG0107
REV0061,TAG0036
REV0061,TAG0108
REV0061,TAG0079
REV0062,TAG0107
REV0062,TAG0125
REV0063,TAG0026
REV0063,TAG0024
REV0063,TAG0065
REV0063,TAG0054
REV0063,TAG0105
REV0063,TAG0046
REV0063,TAG0036
REV0063,TAG0133
REV0063,TAG0092
REV0063,TAG0079
REV0064,TAG0015
REV0064,TAG0107
REV0064,TAG0079
REV0065,TAG0015
REV0065,TAG0107
REV0065,TAG0054
REV0065,TAG0105
REV0066,TAG0021
REV0066,TAG0063
REV0066,TAG0054
REV0067,TAG0065
REV0067,TAG0063
REV0067,TAG0036
REV0067,TAG0092
REV0068,TAG0021
REV0068,TAG0065
REV0068,TAG0063
REV0068,TAG0125
REV0068,TAG0092
REV0069,TAG0065
REV0069,TAG0100
REV0069,TAG0054
REV0069,TAG0125
REV0070,TAG0100
REV0070,TAG0125
REV0070,TAG0079
REV0071,TAG0100
REV0071,TAG0054
REV0071,TAG0125
REV0072,TAG0024
REV0072,TAG0065
REV0072,TAG0100
REV0072,TAG0008
REV0072,TAG0001
REV0072,TAG0098
REV0072,TAG0005
REV0072,TAG0012
REV0072,TAG0054
REV0072,TAG0063
REV0072,TAG0125
REV0072,TAG0117
REV0072,TAG0092
REV0072,TAG0036
REV0072,TAG0105
REV0073,TAG0024
REV0073,TAG0008
REV0073,TAG0012
REV0073,TAG0054
REV0073,TAG0105
REV0073,TAG0036
REV0074,TAG0098
REV0074,TAG0054
REV0074,TAG0117
REV0075,TAG0026
REV0075,TAG0024
REV0075,TAG0065
REV0075,TAG0008
REV0075,TAG0098
REV0075,TAG0063
REV0075,TAG0054
REV0075,TAG0105
REV0075,TAG0036
REV0075,TAG0117
REV0075,TAG0125
REV0076,TAG0065
REV0076,TAG0054
REV0076,TAG0079
REV0077,TAG0024
REV0077,TAG0065
REV0077,TAG0008
REV0077,TAG0063
REV0077,TAG0092
REV0078,TAG0026
REV0078,TAG0058
REV0078,TAG0005
REV0078,TAG0128
REV0078,TAG0024
REV0078,TAG0012
REV0078,TAG0065
REV0078,TAG0008
REV0078,TAG0084
REV0078,TAG0001
REV0078,TAG0021
REV0078,TAG0093
REV0078,TAG0098
REV0078,TAG0107
REV0078,TAG0054
REV0078,TAG0105
REV0078,TAG0036
REV0078,TAG0117
REV0078,TAG0133
REV0078,TAG0003
REV0078,TAG0108
REV0078,TAG0092
REV0078,TAG0063
REV0078,TAG0079
REV0079,TAG0024
REV0079,TAG0008
REV0079,TAG0036
REV0079,TAG0092
REV0080,TAG0008
REV0080,TAG0092
REV0081,TAG0024
REV0081,TAG0036
REV0081,TAG0079
REV0082,TAG0024
REV0082,TAG0105
REV0083,TAG0024
REV0083,TAG0008
REV0083,TAG0092
REV0084,TAG0001
REV0084,TAG0012
REV0084,TAG0098
REV0084,TAG0054
REV0084,TAG0125
REV0084,TAG0044
REV0085,TAG0024
REV0085,TAG0065
REV0085,TAG0012
REV0085,TAG0100
REV0085,TAG0008
REV0085,TAG0084
REV0085,TAG0020
REV0085,TAG0001
REV0085,TAG0021
REV0085,TAG0093
REV0085,TAG0098
REV0085,TAG0107
REV0085,TAG0063
REV0085,TAG0105
REV0085,TAG0046
REV0085,TAG0140
REV0085,TAG0054
REV0085,TAG0117
REV0085,TAG0125
REV0085,TAG0108
REV0085,TAG0092
REV0085,TAG0044
REV0086,TAG0065
REV0086,TAG0054
REV0087,TAG0024
REV0087,TAG0065
REV0087,TAG0012
REV0087,TAG0098
REV0087,TAG0054
REV0087,TAG0036
REV0087,TAG0125
REV0087,TAG0092
REV0088,TAG0024
REV0088,TAG0105
REV0088,TAG0044
REV0089,TAG0065
REV0089,TAG0100
REV0089,TAG0125
REV0089,TAG0044
REV0090,TAG0065
REV0090,TAG0054
REV0091,TAG0024
REV0091,TAG0105
REV0091,TAG0044
REV0092,TAG0065
REV0092,TAG0125
REV0094,TAG0100
REV0094,TAG0065
REV0094,TAG0021
REV0094,TAG0105
REV0094,TAG0063
REV0094,TAG0003
REV0094,TAG0092
REV0095,TAG0065
REV0095,TAG0100
REV0095,TAG0046
REV0095,TAG0125
REV0095,TAG0080
REV0096,TAG0024
REV0096,TAG0012
REV0096,TAG0100
REV0096,TAG0021
REV0096,TAG0063
REV0096,TAG0105
REV0096,TAG0133
REV0096,TAG0108
REV0097,TAG0012
REV0097,TAG0100
REV0097,TAG0021
REV0097,TAG0105
REV0097,TAG0122
REV0097,TAG0046
REV0097,TAG0133
REV0098,TAG0065
REV0098,TAG0105
REV0098,TAG0046
REV0099,TAG0100
REV0099,TAG0105
REV0100,TAG0100
REV0100,TAG0105
REV0101,TAG0100
REV0101,TAG0105
REV0102,TAG0012
REV0102,TAG0108
REV0103,TAG0065
REV0103,TAG0054
REV0103,TAG0108
REV0103,TAG0092
REV0103,TAG0044
REV0104,TAG0065
REV0104,TAG0012
REV0104,TAG0093
REV0104,TAG0001
REV0104,TAG0098
REV0104,TAG0117
REV0104,TAG0125
REV0104,TAG0092
REV0104,TAG0044
REV0105,TAG0065
REV0105,TAG0054
REV0105,TAG0105
REV0106,TAG0026
REV0106,TAG0058
REV0106,TAG0005
REV0106,TAG0024
REV0106,TAG0065
REV0106,TAG0012
REV0106,TAG0100
REV0106,TAG0008
REV0106,TAG0084
REV0106,TAG0020
REV0106,TAG0001
REV0106,TAG0021
REV0106,TAG0093
REV0106,TAG0098
REV0106,TAG0063
REV0106,TAG0054
REV0106,TAG0046
REV0106,TAG0140
REV0106,TAG0036
REV0106,TAG0117
REV0106,TAG0133
REV0106,TAG0108
REV0106,TAG0092
REV0106,TAG0044
REV0106,TAG0135
REV0107,TAG0065
REV0107,TAG0054
REV0107,TAG0105
REV0107,TAG0044
REV0108,TAG0065
REV0108,TAG0117
REV0108,TAG0044
REV0109,TAG0109
REV0109,TAG0105
REV0110,TAG0021
REV0110,TAG0063
REV0110,TAG0105
REV0110,TAG0036
REV0111,TAG0109
REV0111,TAG0083
REV0111,TAG0107
REV0111,TAG0122
REV0111,TAG0108
REV0111,TAG0044
REV0112,TAG0024
REV0112,TAG0065
REV0112,TAG0109
REV0112,TAG0083
REV0112,TAG0021
REV0112,TAG0098
REV0112,TAG0105
REV0112,TAG0117
REV0112,TAG0108
REV0113,TAG0109
REV0113,TAG0021
REV0113,TAG0108
REV0113,TAG0092
REV0114,TAG0128
REV0114,TAG0036
REV0115,TAG0107
REV0115,TAG0008
REV0115,TAG0105
REV0116,TAG0024
REV0116,TAG0105
REV0117,TAG0107
REV0117,TAG0054
REV0118,TAG0065
REV0118,TAG0105
REV0119,TAG0024
REV0119,TAG0065
REV0119,TAG0107
REV0119,TAG0054
REV0119,TAG0015
REV0120,TAG0065
REV0120,TAG0063
REV0121,TAG0065
REV0121,TAG0100
REV0121,TAG0117
REV0121,TAG0125
REV0121,TAG0044
REV0122,TAG0024
REV0122,TAG0065
REV0122,TAG0001
REV0122,TAG0093
REV0122,TAG0054
REV0122,TAG0092
REV0122,TAG0044
REV0123,TAG0065
REV0123,TAG0054
REV0124,TAG0065
REV0124,TAG0105
REV0125,TAG0065
REV0125,TAG0054
REV0126,TAG0026
REV0126,TAG0036
REV0127,TAG0065
REV0127,TAG0105
REV0127,TAG0108
REV0128,TAG0065
REV0128,TAG0100
REV0128,TAG0046
REV0129,TAG0065
REV0129,TAG0012
REV0129,TAG0100
REV0129,TAG0021
REV0129,TAG0093
REV0129,TAG0063
REV0129,TAG0046
REV0129,TAG0036
REV0129,TAG0117
REV0129,TAG0108
REV0129,TAG0003
REV0129,TAG0067
REV0129,TAG0085
REV0129,TAG0091
REV0129,TAG0096
REV0129,TAG0052
REV0130,TAG0012
REV0130,TAG0100
REV0130,TAG0008
REV0130,TAG0084
REV0130,TAG0093
REV0130,TAG0021
REV0130,TAG0020
REV0130,TAG0098
REV0130,TAG0107
REV0130,TAG0005
REV0130,TAG0063
REV0130,TAG0105
REV0130,TAG0046
REV0130,TAG0140
REV0130,TAG0036
REV0130,TAG0117
REV0130,TAG0125
REV0130,TAG0108
REV0130,TAG0003
REV0130,TAG0092
REV0130,TAG0079
REV0131,TAG0065
REV0132,TAG0100
REV0132,TAG0063
REV0132,TAG0046
REV0132,TAG0108
REV0133,TAG0100
REV0133,TAG0063
REV0134,TAG0026
REV0134,TAG0024
REV0134,TAG0054
REV0134,TAG0092
REV0134,TAG0079
REV0135,TAG0128
REV0135,TAG0024
REV0135,TAG0065
REV0135,TAG0012
REV0135,TAG0008
REV0135,TAG0021
REV0135,TAG0001
REV0135,TAG0098
REV0135,TAG0063
REV0135,TAG0054
REV0135,TAG0105
REV0135,TAG0036
REV0135,TAG0133
REV0135,TAG0117
REV0135,TAG0108
REV0135,TAG0092
REV0135,TAG0079
REV0136,TAG0026
REV0136,TAG0024
REV0136,TAG0065
REV0136,TAG0012
REV0136,TAG0054
REV0136,TAG0036
REV0136,TAG0117
REV0136,TAG0125
REV0136,TAG0004
REV0137,TAG0024
REV0137,TAG0054
REV0137,TAG0133
REV0137,TAG0079
REV0138,TAG0065
REV0138,TAG0024
REV0138,TAG0054
REV0138,TAG0063
REV0139,TAG0024
REV0139,TAG0065
REV0139,TAG0098
REV0139,TAG0054
REV0140,TAG0024
REV0140,TAG0065
REV0140,TAG0054
REV0141,TAG0024
REV0141,TAG0065
REV0141,TAG0063
REV0141,TAG0054
REV0141,TAG0079
REV0142,TAG0024
REV0142,TAG0065
REV0142,TAG0008
REV0142,TAG0054
REV0142,TAG0036
REV0142,TAG0117
REV0142,TAG0004
REV0143,TAG0128
REV0143,TAG0024
REV0143,TAG0065
REV0143,TAG0012
REV0143,TAG0001
REV0143,TAG0021
REV0143,TAG0093
REV0143,TAG0098
REV0143,TAG0063
REV0143,TAG0054
REV0143,TAG0105
REV0143,TAG0036
REV0143,TAG0108
REV0145,TAG0065
REV0145,TAG0054
REV0145,TAG0105
REV0146,TAG0024
REV0146,TAG0054
REV0147,TAG0065
REV0147,TAG0105
REV0148,TAG0058
REV0148,TAG0024
REV0148,TAG0065
REV0148,TAG0012
REV0148,TAG0008
REV0148,TAG0084
REV0148,TAG0021
REV0148,TAG0093
REV0148,TAG0107
REV0148,TAG0098
REV0148,TAG0020
REV0148,TAG0015
REV0148,TAG0005
REV0148,TAG0063
REV0148,TAG0054
REV0148,TAG0105
REV0148,TAG0036
REV0148,TAG0122
REV0148,TAG0133
REV0148,TAG0108
REV0148,TAG0092
REV0148,TAG0079
REV0149,TAG0065
REV0149,TAG0108
REV0149,TAG0079
REV0150,TAG0024
REV0150,TAG0008
REV0150,TAG0036
REV0150,TAG0079
REV0151,TAG0065
REV0151,TAG0054
REV0152,TAG0005
REV0152,TAG0065
REV0152,TAG0008
REV0152,TAG0021
REV0152,TAG0063
REV0152,TAG0054
REV0152,TAG0036
REV0152,TAG0108
REV0152,TAG0092
REV0153,TAG0058
REV0153,TAG0024
REV0153,TAG0065
REV0153,TAG0012
REV0153,TAG0008
REV0153,TAG0005
REV0153,TAG0021
REV0153,TAG0093
REV0153,TAG0107
REV0153,TAG0098
REV0153,TAG0063
REV0153,TAG0054
REV0153,TAG0105
REV0153,TAG0036
REV0153,TAG0117
REV0153,TAG0133
REV0153,TAG0092
REV0153,TAG0108
REV0153,TAG0079
REV0154,TAG0024
REV0154,TAG0065
REV0154,TAG0054
REV0154,TAG0036
REV0154,TAG0125
REV0154,TAG0092
REV0155,TAG0128
REV0155,TAG0024
REV0155,TAG0012
REV0155,TAG0065
REV0155,TAG0026
REV0155,TAG0008
REV0155,TAG0001
REV0155,TAG0098
REV0155,TAG0093
REV0155,TAG0063
REV0155,TAG0054
REV0155,TAG0105
REV0155,TAG0036
REV0155,TAG0117
REV0155,TAG0125
REV0155,TAG0108
REV0155,TAG0092
REV0155,TAG0079
REV0155,TAG0135
REV0155,TAG0048
REV0155,TAG0080
REV0156,TAG0001
REV0156,TAG0063
REV0156,TAG0054
REV0156,TAG0036
REV0156,TAG0092
REV0156,TAG0079
REV0157,TAG0024
REV0157,TAG0054
REV0158,TAG0026
REV0158,TAG0024
REV0158,TAG0065
REV0158,TAG0008
REV0158,TAG0063
REV0158,TAG0054
REV0158,TAG0044
REV0159,TAG0024
REV0159,TAG0065
REV0159,TAG0054
REV0160,TAG0024
REV0160,TAG0105
REV0161,TAG0024
REV0161,TAG0065
REV0161,TAG0107
REV0161,TAG0008
REV0161,TAG0054
REV0161,TAG0036
REV0161,TAG0117
REV0161,TAG0004
REV0164,TAG0065
REV0164,TAG0100
REV0164,TAG0021
REV0164,TAG0063
REV0164,TAG0054
REV0164,TAG0036
REV0164,TAG0125
REV0164,TAG0018
REV0164,TAG0080
REV0165,TAG0100
REV0165,TAG0001
REV0165,TAG0063
REV0165,TAG0054
REV0165,TAG0092
REV0165,TAG0079
REV0166,TAG0065
REV0166,TAG0012
REV0166,TAG0100
REV0166,TAG0084
REV0166,TAG0063
REV0166,TAG0054
REV0166,TAG0036
REV0166,TAG0125
REV0166,TAG0092
REV0166,TAG0079
REV0166,TAG0048
REV0167,TAG0065
REV0167,TAG0054
REV0168,TAG0100
REV0168,TAG0063
REV0168,TAG0125
REV0168,TAG0004
REV0169,TAG0065
REV0169,TAG0054
REV0170,TAG0015
REV0170,TAG0024
REV0170,TAG0065
REV0170,TAG0098
REV0170,TAG0054
REV0170,TAG0105
REV0170,TAG0125
REV0170,TAG0092
REV0170,TAG0079
REV0171,TAG0015
REV0171,TAG0024
REV0171,TAG0065
REV0171,TAG0012
REV0171,TAG0063
REV0171,TAG0054
REV0171,TAG0105
REV0172,TAG0024
REV0172,TAG0065
REV0172,TAG0012
REV0172,TAG0098
REV0172,TAG0036
REV0172,TAG0133
REV0173,TAG0015
REV0173,TAG0012
REV0173,TAG0008
REV0173,TAG0063
REV0173,TAG0054
REV0173,TAG0079
REV0173,TAG0060
REV0174,TAG0024
REV0174,TAG0065
REV0175,TAG0065
REV0175,TAG0105
REV0176,TAG0024
REV0176,TAG0021
REV0176,TAG0063
REV0176,TAG0108
REV0177,TAG0065
REV0177,TAG0133
REV0177,TAG0003
REV0178,TAG0065
REV0178,TAG0105
REV0179,TAG0065
REV0179,TAG0100
REV0179,TAG0063
REV0179,TAG0125
REV0179,TAG0079
REV0180,TAG0100
REV0180,TAG0105
REV0181,TAG0100
REV0181,TAG0084
REV0181,TAG0021
REV0181,TAG0093
REV0181,TAG0107
REV0181,TAG0098
REV0181,TAG0109
REV0181,TAG0065
REV0181,TAG0005
REV0181,TAG0026
REV0181,TAG0063
REV0181,TAG0054
REV0181,TAG0105
REV0181,TAG0036
REV0181,TAG0122
REV0181,TAG0125
REV0181,TAG0003
REV0181,TAG0133
REV0181,TAG0108
REV0181,TAG0092
REV0181,TAG0079
REV0182,TAG0065
REV0182,TAG0100
REV0182,TAG0036
REV0182,TAG0117
REV0182,TAG0079
REV0183,TAG0100
REV0183,TAG0046
REV0183,TAG0133
REV0183,TAG0003
REV0183,TAG0044
REV0184,TAG0065
REV0184,TAG0012
REV0184,TAG0100
REV0184,TAG0054
REV0184,TAG0125
REV0184,TAG0092
REV0185,TAG0026
REV0185,TAG0058
REV0185,TAG0065
REV0185,TAG0012
REV0185,TAG0005
REV0185,TAG0008
REV0185,TAG0084
REV0185,TAG0093
REV0185,TAG0021
REV0185,TAG0001
REV0185,TAG0107
REV0185,TAG0098
REV0185,TAG0063
REV0185,TAG0054
REV0185,TAG0105
REV0185,TAG0036
REV0185,TAG0140
REV0185,TAG0046
REV0185,TAG0117
REV0185,TAG0018
REV0185,TAG0108
REV0185,TAG0092
REV0185,TAG0003
REV0185,TAG0079
REV0186,TAG0100
REV0186,TAG0105
REV0187,TAG0065
REV0187,TAG0100
REV0187,TAG0036
REV0187,TAG0125
REV0187,TAG0079
REV0188,TAG0100
REV0188,TAG0105
REV0188,TAG0054
REV0189,TAG0100
REV0189,TAG0001
REV0189,TAG0054
REV0189,TAG0125
REV0189,TAG0044
REV0190,TAG0100
REV0190,TAG0065
REV0190,TAG0054
REV0191,TAG0100
REV0191,TAG0065
REV0191,TAG0105
REV0192,TAG0026
REV0192,TAG0024
REV0192,TAG0065
REV0192,TAG0012
REV0192,TAG0100
REV0192,TAG0084
REV0192,TAG0020
REV0192,TAG0001
REV0192,TAG0021
REV0192,TAG0093
REV0192,TAG0098
REV0192,TAG0008
REV0192,TAG0005
REV0192,TAG0054
REV0192,TAG0105
REV0192,TAG0063
REV0192,TAG0036
REV0192,TAG0117
REV0192,TAG0092
REV0192,TAG0079
REV0192,TAG0135
REV0193,TAG0100
REV0193,TAG0133
REV0193,TAG0036
REV0193,TAG0079
REV0194,TAG0100
REV0194,TAG0054
REV0195,TAG0005
REV0195,TAG0065
REV0195,TAG0012
REV0195,TAG0008
REV0195,TAG0084
REV0195,TAG0020
REV0195,TAG0001
REV0195,TAG0021
REV0195,TAG0093
REV0195,TAG0098
REV0195,TAG0107
REV0195,TAG0063
REV0195,TAG0054
REV0195,TAG0105
REV0195,TAG0036
REV0195,TAG0117
REV0195,TAG0125
REV0195,TAG0122
REV0195,TAG0108
REV0195,TAG0092
REV0195,TAG0079
REV0196,TAG0100
REV0196,TAG0054
REV0196,TAG0079
REV0197,TAG0100
REV0197,TAG0105
REV0198,TAG0100
REV0198,TAG0054
REV0199,TAG0024
REV0199,TAG0065
REV0199,TAG0108
REV0200,TAG0015
REV0200,TAG0024
REV0200,TAG0065
REV0200,TAG0105
REV0201,TAG0015
REV0201,TAG0024
REV0201,TAG0065
REV0201,TAG0021
REV0201,TAG0105
REV0201,TAG0036
REV0201,TAG0108
REV0202,TAG0024
REV0202,TAG0105
REV0203,TAG0065
REV0203,TAG0117
REV0203,TAG0079
REV0204,TAG0065
REV0204,TAG0012
REV0204,TAG0100
REV0204,TAG0021
REV0204,TAG0098
REV0204,TAG0063
REV0204,TAG0054
REV0204,TAG0105
REV0204,TAG0036
REV0204,TAG0133
REV0204,TAG0117
REV0204,TAG0108
REV0204,TAG0092
REV0204,TAG0079
REV0205,TAG0024
REV0205,TAG0065
REV0205,TAG0105
REV0206,TAG0024
REV0206,TAG0065
REV0206,TAG0008
REV0206,TAG0054
REV0206,TAG0117
REV0206,TAG0108
REV0207,TAG0065
REV0207,TAG0100
REV0207,TAG0008
REV0207,TAG0084
REV0207,TAG0093
REV0207,TAG0021
REV0207,TAG0001
REV0207,TAG0098
REV0207,TAG0020
REV0207,TAG0063
REV0207,TAG0054
REV0207,TAG0105
REV0207,TAG0036
REV0207,TAG0140
REV0207,TAG0046
REV0207,TAG0122
REV0207,TAG0125
REV0207,TAG0117
REV0207,TAG0108
REV0207,TAG0092
REV0207,TAG0079
REV0208,TAG0065
REV0208,TAG0100
REV0208,TAG0046
REV0208,TAG0079
REV0209,TAG0065
REV0209,TAG0105
REV0210,TAG0012
REV0210,TAG0054
REV0211,TAG0128
REV0211,TAG0024
REV0211,TAG0065
REV0211,TAG0012
REV0211,TAG0100
REV0211,TAG0008
REV0211,TAG0084
REV0211,TAG0105
REV0211,TAG0092
REV0211,TAG0044
REV0212,TAG0024
REV0212,TAG0117
REV0212,TAG0122
REV0212,TAG0044
REV0213,TAG0065
REV0213,TAG0100
REV0213,TAG0108
REV0213,TAG0044
REV0214,TAG0128
REV0214,TAG0024
REV0214,TAG0065
REV0214,TAG0100
REV0214,TAG0092
REV0214,TAG0000
REV0214,TAG0044
REV0215,TAG0128
REV0215,TAG0024
REV0215,TAG0065
REV0215,TAG0100
REV0215,TAG0092
REV0215,TAG0000
REV0215,TAG0044
REV0216,TAG0026
REV0216,TAG0058
REV0216,TAG0005
REV0216,TAG0128
REV0216,TAG0024
REV0216,TAG0065
REV0216,TAG0012
REV0216,TAG0008
REV0216,TAG0084
REV0216,TAG0100
REV0216,TAG0020
REV0216,TAG0001
REV0216,TAG0021
REV0216,TAG0093
REV0216,TAG0098
REV0216,TAG0063
REV0216,TAG0054
REV0216,TAG0105
REV0216,TAG0046
REV0216,TAG0140
REV0216,TAG0133
REV0216,TAG0122
REV0216,TAG0108
REV0216,TAG0092
REV0216,TAG0135
REV0217,TAG0012
REV0217,TAG0054
REV0218,TAG0008
REV0219,TAG0065
REV0219,TAG0105
REV0220,TAG0065
REV0220,TAG0100
REV0220,TAG0054
REV0221,TAG0015
REV0221,TAG0054
REV0221,TAG0036
REV0221,TAG0079
REV0222,TAG0015
REV0222,TAG0100
REV0222,TAG0065
REV0222,TAG0093
REV0222,TAG0001
REV0222,TAG0084
REV0222,TAG0020
REV0222,TAG0098
REV0222,TAG0063
REV0222,TAG0054
REV0222,TAG0036
REV0222,TAG0117
REV0222,TAG0125
REV0222,TAG0108
REV0222,TAG0092
REV0222,TAG0079
REV0223,TAG0100
REV0223,TAG0105
REV0224,TAG0100
REV0224,TAG0125
REV0225,TAG0065
REV0225,TAG0100
REV0225,TAG0054
REV0225,TAG0105
REV0225,TAG0125
REV0226,TAG0100
REV0226,TAG0105
REV0227,TAG0024
REV0227,TAG0105
REV0228,TAG0128
REV0228,TAG0054
REV0228,TAG0079
REV0229,TAG0015
REV0229,TAG0128
REV0229,TAG0024
REV0229,TAG0065
REV0229,TAG0063
REV0229,TAG0054
REV0229,TAG0036
REV0229,TAG0092
REV0229,TAG0079
REV0230,TAG0024
REV0230,TAG0065
REV0230,TAG0008
REV0230,TAG0054
REV0230,TAG0092
REV0231,TAG0008
REV0231,TAG0021
REV0231,TAG0054
REV0231,TAG0105
REV0231,TAG0036
REV0231,TAG0133
REV0231,TAG0079
REV0232,TAG0024
REV0232,TAG0008
REV0232,TAG0021
REV0232,TAG0054
REV0233,TAG0024
REV0233,TAG0008
REV0233,TAG0105
REV0234,TAG0128
REV0234,TAG0024
REV0234,TAG0065
REV0234,TAG0008
REV0234,TAG0133
REV0234,TAG0044
REV0235,TAG0065
REV0235,TAG0105
REV0236,TAG0026
REV0236,TAG0024
REV0236,TAG0065
REV0236,TAG0012
REV0236,TAG0100
REV0236,TAG0008
REV0236,TAG0084
REV0236,TAG0020
REV0236,TAG0001
REV0236,TAG0021
REV0236,TAG0098
REV0236,TAG0063
REV0236,TAG0054
REV0236,TAG0036
REV0236,TAG0125
REV0236,TAG0092
REV0236,TAG0048
REV0237,TAG0065
REV0237,TAG0054
REV0238,TAG0100
REV0238,TAG0054
REV0238,TAG0108
REV0238,TAG0092
REV0238,TAG0079
REV0239,TAG0026
REV0239,TAG0058
REV0239,TAG0005
REV0239,TAG0024
REV0239,TAG0065
REV0239,TAG0012
REV0239,TAG0100
REV0239,TAG0084
REV0239,TAG0093
REV0239,TAG0021
REV0239,TAG0020
REV0239,TAG0001
REV0239,TAG0098
REV0239,TAG0107
REV0239,TAG0063
REV0239,TAG0054
REV0239,TAG0105
REV0239,TAG0036
REV0239,TAG0046
REV0239,TAG0133
REV0239,TAG0117
REV0239,TAG0122
REV0239,TAG0108
REV0239,TAG0092
REV0239,TAG0079
REV0240,TAG0065
REV0240,TAG0100
REV0240,TAG0054
REV0240,TAG0079
REV0241,TAG0065
REV0241,TAG0105
REV0242,TAG0123
REV0242,TAG0054
REV0242,TAG0117
REV0242,TAG0079
REV0243,TAG0008
REV0243,TAG0054
REV0244,TAG0015
REV0244,TAG0054
REV0244,TAG0063
REV0245,TAG0065
REV0245,TAG0105
REV0246,TAG0024
REV0246,TAG0125
REV0246,TAG0054
REV0247,TAG0100
REV0247,TAG0133
REV0247,TAG0036
REV0247,TAG0048
REV0247,TAG0079
REV0248,TAG0005
REV0248,TAG0012
REV0248,TAG0008
REV0248,TAG0084
REV0248,TAG0021
REV0248,TAG0093
REV0248,TAG0098
REV0248,TAG0020
REV0248,TAG0063
REV0248,TAG0105
REV0248,TAG0046
REV0248,TAG0140
REV0248,TAG0036
REV0248,TAG0122
REV0248,TAG0133
REV0248,TAG0108
REV0248,TAG0092
REV0248,TAG0079
REV0249,TAG0065
REV0249,TAG0105
REV0249,TAG0108
REV0250,TAG0100
REV0250,TAG0098
REV0250,TAG0046
REV0250,TAG0125
REV0250,TAG0060
REV0251,TAG0065
REV0251,TAG0105
REV0251,TAG0117
REV0251,TAG0060
REV0252,TAG0065
REV0252,TAG0020
REV0252,TAG0001
REV0252,TAG0046
REV0252,TAG0133
REV0252,TAG0092
REV0252,TAG0044
REV0253,TAG0024
REV0253,TAG0065
REV0253,TAG0008
REV0253,TAG0084
REV0253,TAG0020
REV0253,TAG0093
REV0253,TAG0063
REV0253,TAG0046
REV0253,TAG0140
REV0253,TAG0133
REV0253,TAG0108
REV0253,TAG0092
REV0253,TAG0122
REV0253,TAG0079
REV0254,TAG0100
REV0254,TAG0133
REV0254,TAG0092
REV0254,TAG0079
REV0255,TAG0065
REV0255,TAG0100
REV0255,TAG0084
REV0255,TAG0001
REV0255,TAG0021
REV0255,TAG0133
REV0255,TAG0092
REV0256,TAG0026
REV0256,TAG0024
REV0256,TAG0109
REV0256,TAG0083
REV0256,TAG0021
REV0256,TAG0093
REV0256,TAG0107
REV0256,TAG0063
REV0256,TAG0036
REV0256,TAG0133
REV0256,TAG0108
REV0256,TAG0092
REV0256,TAG0122
REV0257,TAG0021
REV0257,TAG0105
REV0258,TAG0109
REV0258,TAG0083
REV0258,TAG0021
REV0258,TAG0133
REV0258,TAG0122
REV0258,TAG0108
REV0259,TAG0021
REV0259,TAG0107
REV0259,TAG0122
REV0259,TAG0108
REV0259,TAG0048
REV0259,TAG0080
REV0260,TAG0109
REV0260,TAG0021
REV0260,TAG0107
REV0260,TAG0063
REV0260,TAG0092
REV0261,TAG0065
REV0261,TAG0100
REV0261,TAG0125
REV0261,TAG0044
REV0262,TAG0065
REV0262,TAG0105
REV0263,TAG0065
REV0263,TAG0100
REV0263,TAG0125
REV0264,TAG0065
REV0264,TAG0024
REV0264,TAG0008
REV0264,TAG0108
REV0264,TAG0036
REV0265,TAG0065
REV0265,TAG0100
REV0265,TAG0084
REV0265,TAG0021
REV0265,TAG0093
REV0265,TAG0046
REV0265,TAG0117
REV0265,TAG0125
REV0265,TAG0122
REV0265,TAG0108
REV0265,TAG0003
REV0265,TAG0092
REV0266,TAG0100
REV0266,TAG0125
REV0266,TAG0108
REV0266,TAG0092
REV0266,TAG0079
REV0267,TAG0065
REV0267,TAG0100
REV0267,TAG0054
REV0268,TAG0100
REV0268,TAG0125
REV0268,TAG0092
REV0269,TAG0100
REV0269,TAG0054
REV0270,TAG0065
REV0270,TAG0012
REV0270,TAG0100
REV0270,TAG0001
REV0270,TAG0063
REV0270,TAG0054
REV0270,TAG0105
REV0270,TAG0036
REV0270,TAG0117
REV0270,TAG0125
REV0270,TAG0092
REV0271,TAG0100
REV0271,TAG0054
REV0271,TAG0092
REV0271,TAG0079
REV0272,TAG0084
REV0272,TAG0021
REV0272,TAG0063
REV0272,TAG0054
REV0272,TAG0125
REV0272,TAG0092
REV0272,TAG0079
REV0272,TAG0048
REV0273,TAG0100
REV0273,TAG0093
REV0273,TAG0054
REV0273,TAG0105
REV0273,TAG0036
REV0273,TAG0125
REV0273,TAG0092
REV0273,TAG0048
REV0274,TAG0100
REV0274,TAG0133
REV0274,TAG0036
REV0274,TAG0063
REV0275,TAG0005
REV0275,TAG0012
REV0275,TAG0065
REV0275,TAG0100
REV0275,TAG0084
REV0275,TAG0008
REV0275,TAG0098
REV0275,TAG0021
REV0275,TAG0063
REV0275,TAG0054
REV0275,TAG0036
REV0275,TAG0003
REV0275,TAG0092
REV0275,TAG0079
REV0276,TAG0065
REV0276,TAG0105
REV0277,TAG0123
REV0277,TAG0133
REV0277,TAG0079
REV0278,TAG0024
REV0278,TAG0092
REV0279,TAG0065
REV0279,TAG0100
REV0279,TAG0125
REV0279,TAG0079
REV0280,TAG0128
REV0280,TAG0117
REV0280,TAG0079
REV0281,TAG0026
REV0281,TAG0015
REV0281,TAG0024
REV0281,TAG0065
REV0281,TAG0012
REV0281,TAG0005
REV0281,TAG0008
REV0281,TAG0021
REV0281,TAG0107
REV0281,TAG0054
REV0281,TAG0105
REV0281,TAG0133
REV0281,TAG0117
REV0281,TAG0122
REV0281,TAG0108
REV0281,TAG0079
REV0282,TAG0024
REV0282,TAG0054
REV0282,TAG0079
REV0283,TAG0107
REV0283,TAG0105
REV0284,TAG0005
REV0284,TAG0083
REV0284,TAG0021
REV0284,TAG0107
REV0284,TAG0093
REV0284,TAG0026
REV0284,TAG0109
REV0284,TAG0063
REV0284,TAG0054
REV0284,TAG0105
REV0284,TAG0036
REV0284,TAG0117
REV0284,TAG0122
REV0284,TAG0108
REV0284,TAG0092
REV0284,TAG0133
REV0284,TAG0079
REV0285,TAG0024
REV0285,TAG0105
REV0285,TAG0117
REV0285,TAG0044
REV0286,TAG0026
REV0286,TAG0058
REV0286,TAG0128
REV0286,TAG0024
REV0286,TAG0065
REV0286,TAG0012
REV0286,TAG0100
REV0286,TAG0109
REV0286,TAG0021
REV0286,TAG0098
REV0286,TAG0107
REV0286,TAG0063
REV0286,TAG0054
REV0286,TAG0105
REV0286,TAG0036
REV0286,TAG0117
REV0286,TAG0133
REV0286,TAG0092
REV0286,TAG0135
REV0287,TAG0024
REV0287,TAG0065
REV0287,TAG0021
REV0287,TAG0098
REV0287,TAG0063
REV0287,TAG0117
REV0287,TAG0108
REV0288,TAG0024
REV0288,TAG0133
REV0288,TAG0079
REV0290,TAG0100
REV0290,TAG0117
REV0291,TAG0107
REV0291,TAG0054
REV0292,TAG0024
REV0292,TAG0065
REV0292,TAG0008
REV0292,TAG0054
REV0292,TAG0105
REV0292,TAG0044
REV0293,TAG0015
REV0294,TAG0100
REV0294,TAG0046
REV0294,TAG0079
REV0295,TAG0128
REV0295,TAG0125
REV0296,TAG0065
REV0296,TAG0054
REV0296,TAG0125
REV0297,TAG0015
REV0297,TAG0133
REV0297,TAG0079
REV0298,TAG0005
REV0298,TAG0128
REV0298,TAG0065
REV0298,TAG0008
REV0298,TAG0021
REV0298,TAG0093
REV0298,TAG0015
REV0298,TAG0107
REV0298,TAG0063
REV0298,TAG0054
REV0298,TAG0105
REV0298,TAG0036
REV0298,TAG0046
REV0298,TAG0133
REV0298,TAG0108
REV0298,TAG0092
REV0299,TAG0008
REV0299,TAG0092
REV0300,TAG0015
REV0300,TAG0092
REV0300,TAG0079
REV0301,TAG0021
REV0301,TAG0105
REV0302,TAG0065
REV0302,TAG0100
REV0302,TAG0001
REV0302,TAG0054
REV0302,TAG0105
REV0303,TAG0065
REV0303,TAG0100
REV0303,TAG0021
REV0303,TAG0098
REV0303,TAG0063
REV0303,TAG0054
REV0303,TAG0125
REV0304,TAG0008
REV0304,TAG0058
REV0304,TAG0054
REV0304,TAG0105
REV0305,TAG0058
REV0305,TAG0065
REV0305,TAG0008
REV0305,TAG0054
REV0305,TAG0105
REV0305,TAG0133
REV0306,TAG0100
REV0306,TAG0003
REV0307,TAG0026
REV0307,TAG0128
REV0307,TAG0024
REV0307,TAG0065
REV0307,TAG0012
REV0307,TAG0100
REV0307,TAG0001
REV0307,TAG0020
REV0307,TAG0098
REV0307,TAG0084
REV0307,TAG0008
REV0307,TAG0054
REV0307,TAG0046
REV0307,TAG0140
REV0307,TAG0036
REV0307,TAG0117
REV0307,TAG0125
REV0307,TAG0108
REV0307,TAG0122
REV0307,TAG0044
REV0308,TAG0065
REV0308,TAG0100
REV0308,TAG0125
REV0308,TAG0079
REV0309,TAG0065
REV0309,TAG0001
REV0309,TAG0125
REV0309,TAG0054
REV0309,TAG0044
REV0310,TAG0128
REV0310,TAG0024
REV0310,TAG0117
REV0310,TAG0092
REV0311,TAG0107
REV0311,TAG0054
REV0311,TAG0092
REV0312,TAG0107
REV0312,TAG0003
REV0313,TAG0100
REV0313,TAG0054
REV0314,TAG0024
REV0314,TAG0065
REV0314,TAG0012
REV0314,TAG0100
REV0314,TAG0098
REV0314,TAG0108
REV0314,TAG0092
REV0315,TAG0024
REV0315,TAG0105
REV0315,TAG0036
REV0315,TAG0004
REV0315,TAG0044
REV0316,TAG0098
REV0316,TAG0092
REV0316,TAG0044
REV0317,TAG0024
REV0317,TAG0054
REV0318,TAG0024
REV0318,TAG0054
REV0319,TAG0024
REV0319,TAG0021
REV0319,TAG0036
REV0319,TAG0044
REV0320,TAG0024
REV0320,TAG0065
REV0320,TAG0021
REV0320,TAG0093
REV0320,TAG0098
REV0320,TAG0063
REV0320,TAG0117
REV0320,TAG0122
REV0320,TAG0108
REV0321,TAG0024
REV0321,TAG0065
REV0321,TAG0021
REV0321,TAG0063
REV0321,TAG0105
REV0321,TAG0108
REV0321,TAG0092
REV0322,TAG0100
REV0322,TAG0063
REV0323,TAG0065
REV0323,TAG0008
REV0323,TAG0054
REV0323,TAG0117
REV0324,TAG0024
REV0324,TAG0054
REV0325,TAG0107
REV0325,TAG0133
REV0326,TAG0065
REV0326,TAG0100
REV0326,TAG0105
REV0327,TAG0065
REV0327,TAG0012
REV0327,TAG0100
REV0327,TAG0001
REV0327,TAG0098
REV0327,TAG0063
REV0327,TAG0054
REV0327,TAG0108
REV0327,TAG0004
REV0328,TAG0065
REV0328,TAG0100
REV0328,TAG0036
REV0328,TAG0117
REV0328,TAG0108
REV0328,TAG0004
REV0329,TAG0065
REV0329,TAG0012
REV0329,TAG0100
REV0329,TAG0001
REV0329,TAG0093
REV0329,TAG0098
REV0329,TAG0063
REV0329,TAG0117
REV0329,TAG0125
REV0329,TAG0131
REV0330,TAG0065
REV0330,TAG0012
REV0330,TAG0100
REV0331,TAG0100
REV0331,TAG0125
REV0331,TAG0004
REV0332,TAG0065
REV0332,TAG0123
REV0332,TAG0125
REV0332,TAG0079
REV0333,TAG0065
REV0333,TAG0125
REV0333,TAG0079
REV0334,TAG0024
REV0334,TAG0063
REV0334,TAG0054
REV0334,TAG0036
REV0334,TAG0092
REV0334,TAG0079
REV0335,TAG0024
REV0335,TAG0065
REV0335,TAG0008
REV0335,TAG0054
REV0335,TAG0133
REV0335,TAG0108
REV0335,TAG0092
REV0336,TAG0024
REV0336,TAG0008
REV0336,TAG0054
REV0336,TAG0105
REV0336,TAG0036
REV0336,TAG0004
REV0337,TAG0008
REV0337,TAG0054
REV0338,TAG0024
REV0338,TAG0065
REV0338,TAG0105
REV0338,TAG0133
REV0338,TAG0003
REV0339,TAG0024
REV0339,TAG0065
REV0339,TAG0046
REV0339,TAG0044
REV0340,TAG0026
REV0340,TAG0024
REV0340,TAG0065
REV0340,TAG0012
REV0340,TAG0109
REV0340,TAG0008
REV0340,TAG0020
REV0340,TAG0021
REV0340,TAG0093
REV0340,TAG0098
REV0340,TAG0063
REV0340,TAG0054
REV0340,TAG0105
REV0340,TAG0046
REV0340,TAG0140
REV0340,TAG0036
REV0340,TAG0133
REV0340,TAG0117
REV0340,TAG0125
REV0340,TAG0122
REV0340,TAG0108
REV0340,TAG0003
REV0340,TAG0018
REV0340,TAG0092
REV0340,TAG0044
REV0341,TAG0021
REV0341,TAG0063
REV0341,TAG0140
REV0341,TAG0117
REV0341,TAG0018
REV0341,TAG0044
REV0342,TAG0024
REV0342,TAG0065
REV0342,TAG0012
REV0342,TAG0008
REV0342,TAG0021
REV0342,TAG0093
REV0342,TAG0063
REV0342,TAG0105
REV0342,TAG0046
REV0342,TAG0117
REV0342,TAG0044
REV0343,TAG0015
REV0343,TAG0026
REV0343,TAG0012
REV0343,TAG0065
REV0343,TAG0024
REV0343,TAG0008
REV0343,TAG0020
REV0343,TAG0001
REV0343,TAG0093
REV0343,TAG0098
REV0343,TAG0063
REV0343,TAG0054
REV0343,TAG0105
REV0343,TAG0092
REV0343,TAG0117
REV0343,TAG0036
REV0343,TAG0122
REV0344,TAG0024
REV0344,TAG0065
REV0344,TAG0008
REV0344,TAG0021
REV0344,TAG0093
REV0344,TAG0063
REV0344,TAG0046
REV0344,TAG0117
REV0344,TAG0108
REV0344,TAG0044
REV0345,TAG0026
REV0345,TAG0015
REV0345,TAG0024
REV0345,TAG0065
REV0345,TAG0012
REV0345,TAG0008
REV0345,TAG0021
REV0345,TAG0098
REV0345,TAG0105
REV0345,TAG0108
REV0345,TAG0092
REV0345,TAG0044
REV0345,TAG0079
REV0346,TAG0026
REV0346,TAG0024
REV0346,TAG0065
REV0346,TAG0008
REV0346,TAG0021
REV0346,TAG0093
REV0346,TAG0098
REV0346,TAG0105
REV0346,TAG0036
REV0346,TAG0133
REV0346,TAG0117
REV0346,TAG0108
REV0346,TAG0092
REV0346,TAG0063
REV0346,TAG0044
REV0346,TAG0060
REV0346,TAG0134
REV0347,TAG0024
REV0347,TAG0008
REV0347,TAG0021
REV0347,TAG0098
REV0347,TAG0105
REV0347,TAG0036
REV0347,TAG0117
REV0347,TAG0044
REV0348,TAG0024
REV0348,TAG0065
REV0348,TAG0098
REV0348,TAG0001
REV0348,TAG0021
REV0348,TAG0046
REV0348,TAG0063
REV0348,TAG0036
REV0348,TAG0133
REV0348,TAG0044
REV0349,TAG0065
REV0349,TAG0105
REV0350,TAG0008
REV0350,TAG0012
REV0350,TAG0065
REV0350,TAG0024
REV0350,TAG0092
REV0350,TAG0105
REV0350,TAG0108
REV0350,TAG0044
REV0351,TAG0026
REV0351,TAG0024
REV0351,TAG0065
REV0351,TAG0012
REV0351,TAG0008
REV0351,TAG0063
REV0351,TAG0054
REV0351,TAG0105
REV0352,TAG0065
REV0352,TAG0140
REV0352,TAG0122
REV0352,TAG0108
REV0352,TAG0092
REV0352,TAG0044
REV0353,TAG0024
REV0353,TAG0065
REV0353,TAG0012
REV0353,TAG0008
REV0353,TAG0063
REV0353,TAG0092
REV0354,TAG0024
REV0354,TAG0008
REV0354,TAG0021
REV0354,TAG0133
REV0354,TAG0108
REV0355,TAG0024
REV0355,TAG0063
REV0355,TAG0010
REV0356,TAG0026
REV0356,TAG0024
REV0356,TAG0065
REV0356,TAG0021
REV0356,TAG0098
REV0356,TAG0063
REV0356,TAG0046
REV0356,TAG0036
REV0356,TAG0133
REV0356,TAG0108
REV0356,TAG0092
REV0356,TAG0044
REV0357,TAG0021
REV0357,TAG0065
REV0357,TAG0105
REV0358,TAG0024
REV0358,TAG0065
REV0358,TAG0021
REV0358,TAG0063
REV0358,TAG0105
REV0358,TAG0108
REV0358,TAG0092
REV0359,TAG0024
REV0359,TAG0012
REV0359,TAG0105
REV0359,TAG0140
REV0359,TAG0133
REV0359,TAG0122
REV0359,TAG0108
REV0359,TAG0044
REV0360,TAG0065
REV0360,TAG0092
REV0360,TAG0036
REV0360,TAG0117
REV0361,TAG0065
REV0361,TAG0012
REV0361,TAG0084
REV0361,TAG0021
REV0361,TAG0093
REV0361,TAG0098
REV0361,TAG0020
REV0361,TAG0046
REV0361,TAG0140
REV0361,TAG0117
REV0361,TAG0133
REV0361,TAG0108
REV0361,TAG0122
REV0361,TAG0092
REV0361,TAG0079
REV0362,TAG0100
REV0362,TAG0063
REV0363,TAG0065
REV0363,TAG0100
REV0363,TAG0021
REV0363,TAG0084
REV0363,TAG0063
REV0363,TAG0036
REV0363,TAG0108
REV0363,TAG0105
REV0363,TAG0044
REV0364,TAG0084
REV0364,TAG0021
REV0364,TAG0063
REV0364,TAG0036
REV0364,TAG0108
REV0364,TAG0114
REV0365,TAG0084
REV0365,TAG0021
REV0365,TAG0093
REV0365,TAG0063
REV0365,TAG0133
REV0365,TAG0092
REV0366,TAG0065
REV0366,TAG0084
REV0366,TAG0021
REV0366,TAG0063
REV0366,TAG0108
REV0367,TAG0065
REV0367,TAG0098
REV0367,TAG0054
REV0367,TAG0133
REV0368,TAG0015
REV0368,TAG0008
REV0368,TAG0021
REV0368,TAG0105
REV0369,TAG0015
REV0369,TAG0026
REV0369,TAG0065
REV0369,TAG0084
REV0369,TAG0008
REV0369,TAG0098
REV0369,TAG0107
REV0369,TAG0021
REV0369,TAG0063
REV0369,TAG0054
REV0369,TAG0036
REV0369,TAG0133
REV0369,TAG0122
REV0369,TAG0092
REV0369,TAG0117
REV0369,TAG0108
REV0369,TAG0079
REV0370,TAG0065
REV0370,TAG0100
REV0370,TAG0054
REV0370,TAG0079
REV0371,TAG0021
REV0371,TAG0107
REV0372,TAG0107
REV0372,TAG0036
REV0373,TAG0008
REV0373,TAG0054
REV0373,TAG0079
REV0374,TAG0024
REV0374,TAG0065
REV0374,TAG0107
REV0374,TAG0054
REV0375,TAG0065
REV0375,TAG0008
REV0375,TAG0021
REV0375,TAG0107
REV0375,TAG0054
REV0375,TAG0105
REV0376,TAG0021
REV0376,TAG0024
REV0376,TAG0036
REV0376,TAG0117
REV0376,TAG0054
REV0377,TAG0021
REV0377,TAG0093
REV0377,TAG0107
REV0377,TAG0092
REV0378,TAG0026
REV0378,TAG0024
REV0378,TAG0065
REV0378,TAG0012
REV0378,TAG0100
REV0378,TAG0008
REV0378,TAG0084
REV0378,TAG0021
REV0378,TAG0093
REV0378,TAG0098
REV0378,TAG0015
REV0378,TAG0005
REV0378,TAG0054
REV0378,TAG0105
REV0378,TAG0036
REV0378,TAG0140
REV0378,TAG0125
REV0378,TAG0108
REV0378,TAG0092
REV0378,TAG0046
REV0378,TAG0063
REV0379,TAG0024
REV0379,TAG0065
REV0379,TAG0012
REV0379,TAG0100
REV0379,TAG0092
REV0380,TAG0024
REV0380,TAG0065
REV0380,TAG0054
REV0380,TAG0105
REV0380,TAG0125
REV0381,TAG0065
REV0381,TAG0125
REV0382,TAG0024
REV0382,TAG0065
REV0382,TAG0005
REV0382,TAG0093
REV0382,TAG0021
REV0382,TAG0083
REV0382,TAG0107
REV0382,TAG0109
REV0382,TAG0063
REV0382,TAG0054
REV0382,TAG0105
REV0382,TAG0046
REV0382,TAG0036
REV0382,TAG0117
REV0382,TAG0122
REV0382,TAG0133
REV0382,TAG0092
REV0382,TAG0108
REV0382,TAG0003
REV0383,TAG0065
REV0383,TAG0054
REV0383,TAG0079
REV0384,TAG0107
REV0384,TAG0046
REV0385,TAG0024
REV0385,TAG0065
REV0385,TAG0054
REV0385,TAG0108
REV0386,TAG0065
REV0386,TAG0100
REV0386,TAG0054
REV0386,TAG0125
REV0386,TAG0036
REV0386,TAG0079
REV0387,TAG0021
REV0387,TAG0093
REV0387,TAG0024
REV0387,TAG0065
REV0387,TAG0012
REV0387,TAG0100
REV0387,TAG0001
REV0387,TAG0098
REV0387,TAG0063
REV0387,TAG0054
REV0387,TAG0125
REV0387,TAG0092
REV0388,TAG0100
REV0388,TAG0125
REV0389,TAG0123
REV0390,TAG0065
REV0390,TAG0021
REV0390,TAG0054
REV0390,TAG0105
REV0390,TAG0036
REV0391,TAG0100
REV0391,TAG0063
REV0391,TAG0054
REV0392,TAG0128
REV0392,TAG0107
REV0392,TAG0054
REV0393,TAG0065
REV0393,TAG0054
REV0393,TAG0105
REV0394,TAG0015
REV0394,TAG0100
REV0394,TAG0117
REV0395,TAG0100
REV0395,TAG0054
REV0395,TAG0117
REV0395,TAG0125
REV0396,TAG0026
REV0396,TAG0065
REV0396,TAG0012
REV0396,TAG0093
REV0396,TAG0021
REV0396,TAG0054
REV0396,TAG0036
REV0397,TAG0026
REV0397,TAG0065
REV0397,TAG0012
REV0397,TAG0100
REV0397,TAG0098
REV0397,TAG0063
REV0397,TAG0092
REV0397,TAG0036
REV0397,TAG0125
REV0397,TAG0054
REV0397,TAG0053
REV0397,TAG0076
REV0397,TAG0124
REV0398,TAG0065
REV0398,TAG0012
REV0398,TAG0125
REV0398,TAG0079
REV0399,TAG0065
REV0399,TAG0100
REV0399,TAG0063
REV0400,TAG0026
REV0400,TAG0065
REV0400,TAG0001
REV0400,TAG0098
REV0400,TAG0054
REV0400,TAG0092
REV0400,TAG0079
REV0401,TAG0065
REV0401,TAG0021
REV0401,TAG0098
REV0401,TAG0054
REV0402,TAG0024
REV0402,TAG0001
REV0402,TAG0092
REV0403,TAG0065
REV0403,TAG0105
REV0404,TAG0001
REV0404,TAG0036
REV0405,TAG0024
REV0405,TAG0054
REV0406,TAG0024
REV0406,TAG0100
REV0406,TAG0054
REV0407,TAG0065
REV0407,TAG0100
REV0407,TAG0079
REV0408,TAG0026
REV0408,TAG0058
REV0408,TAG0005
REV0408,TAG0024
REV0408,TAG0065
REV0408,TAG0012
REV0408,TAG0100
REV0408,TAG0008
REV0408,TAG0084
REV0408,TAG0021
REV0408,TAG0093
REV0408,TAG0098
REV0408,TAG0020
REV0408,TAG0001
REV0408,TAG0063
REV0408,TAG0054
REV0408,TAG0105
REV0408,TAG0140
REV0408,TAG0117
REV0408,TAG0046
REV0408,TAG0003
REV0408,TAG0092
REV0408,TAG0044
REV0409,TAG0109
REV0409,TAG0108
REV0409,TAG0092
REV0409,TAG0044
REV0410,TAG0107
REV0410,TAG0105
REV0411,TAG0015
REV0411,TAG0046
REV0411,TAG0044
REV0412,TAG0109
REV0412,TAG0083
REV0412,TAG0021
REV0412,TAG0093
REV0412,TAG0107
REV0412,TAG0005
REV0412,TAG0026
REV0412,TAG0046
REV0412,TAG0140
REV0412,TAG0122
REV0412,TAG0108
REV0412,TAG0092
REV0412,TAG0133
REV0412,TAG0044
REV0413,TAG0083
REV0413,TAG0021
REV0413,TAG0109
REV0413,TAG0105
REV0413,TAG0044
REV0414,TAG0109
REV0414,TAG0083
REV0414,TAG0107
REV0414,TAG0108
REV0415,TAG0083
REV0415,TAG0105
REV0416,TAG0026
REV0416,TAG0109
REV0416,TAG0083
REV0416,TAG0054
REV0416,TAG0105
REV0416,TAG0036
REV0417,TAG0026
REV0417,TAG0021
REV0417,TAG0107
REV0417,TAG0063
REV0417,TAG0054
REV0417,TAG0092
REV0418,TAG0065
REV0418,TAG0054
REV0418,TAG0125
REV0418,TAG0079
REV0419,TAG0107
REV0419,TAG0125
REV0420,TAG0083
REV0420,TAG0057
REV0420,TAG0063
REV0420,TAG0108
REV0421,TAG0065
REV0421,TAG0008
REV0421,TAG0001
REV0421,TAG0021
REV0421,TAG0054
